Id;Label;FollowersCount;FriendsCount;StatusCount;club;chamber;homophily;degreeIn;degreeOut;degreeAll;membership
skwarekslawomir;skwarekslawomir;108;318;73;PiS;Sejm;1;14;136;150;2
piotrbabinetz;piotrbabinetz;203;201;204;PiS;Sejm;1;32;78;110;2
ambrozikrafa;ambrozikrafa;40;333;125;PiS;Senat;0,932038835;29;204;233;2
robert_warwas;robert_warwas;42;126;94;PiS;Sejm;1;24;91;115;2
arturdziambor;arturdziambor;26867;701;18274;Konfederacja;Sejm;0,078125;110;254;364;4
marcinociepa;marcinociepa;3715;1732;5145;PiS;Sejm;0,619047619;116;250;366;2
uruskipiotr;uruskipiotr;57;276;83;PiS;Sejm;0,785714286;18;138;156;2
mariakoc1;mariakoc1;3130;1449;4035;PiS;Senat;0,986666667;102;148;250;2
polamatysiak;polamatysiak;4659;888;21543;Lewica;Sejm;0,431818182;89;85;174;3
czarnekp;czarnekp;10432;556;3360;PiS;Sejm;0,858490566;186;210;396;2
sipieraaw;sipieraaw;552;180;68;PiS;Sejm;1;30;124;154;2
poselgonciarz;poselgonciarz;1557;853;1146;PiS;Sejm;0,986842105;60;150;210;2
jemilewicz;jemilewicz;20343;540;6549;PiS;Sejm;0,666666667;259;100;359;2
phreniak;phreniak;154;205;374;PiS;Sejm;1;26;102;128;2
rauzbigniew;rauzbigniew;511;1297;853;PiS;Sejm;0,826666667;58;148;206;2
grzegorzmatusi1;grzegorzmatusi1;405;443;464;PiS;Sejm;0,829545455;65;174;239;2
jacekswiat;jacekswiat;3904;969;5471;PiS;Sejm;0,942307692;146;102;248;2
f_sterczewski;f_sterczewski;10780;1903;3726;KO;Sejm;0,572519084;154;260;414;1
borysszopa;borysszopa;1475;79;293;PiS;Sejm;1;100;60;160;2
urszularusecka;urszularusecka;752;713;553;PiS;Sejm;0,905882353;94;338;432;2
andzelwaldemar;andzelwaldemar;1927;664;780;PiS;Sejm;0,964285714;96;166;262;2
agatawojtyszek;agatawojtyszek;223;234;269;PiS;Sejm;1;20;116;136;2
marek_ast;marek_ast;947;694;1132;PiS;Sejm;0,958677686;76;240;316;2
janczykwieslaw;janczykwieslaw;369;196;173;PiS;Sejm;1;66;52;118;2
a_milczanowska;a_milczanowska;1519;831;7024;PiS;Sejm;0,993243243;134;294;428;2
czeslawhoc;czeslawhoc;1400;216;560;PiS;Sejm;0,96969697;88;64;152;2
mwospl;mwospl;9941;738;1640;PiS;Sejm;0,761904762;195;208;403;2
v_porowska;v_porowska;2122;1274;4718;PiS;Sejm;0,823529412;86;168;254;2
kamilbortniczuk;kamilbortniczuk;10257;819;5137;PiS;Sejm;0,584070796;173;224;397;2
m_kaluzny;m_kaluzny;3198;1191;775;PiS;Sejm;0,882352941;58;168;226;2
marcin_duszek;marcin_duszek;793;554;355;PiS;Sejm;0,958333333;69;142;211;2
waldemar_buda;waldemar_buda;3265;554;1875;PiS;Sejm;0,648351648;175;180;355;2
piotruscinski;piotruscinski;1840;1140;2049;PiS;Sejm;0,973214286;109;222;331;2
jkardanowski;jkardanowski;5751;372;1045;PiS;Sejm;1;156;92;248;2
slawzawislak;slawzawislak;181;101;180;PiS;Sejm;1;28;44;72;2
akosztowniak;akosztowniak;703;624;738;PiS;Sejm;0,896103896;68;152;220;2
ewa_kozanecka;ewa_kozanecka;374;356;380;PiS;Sejm;1;66;198;264;2
witoldczarneck3;witoldczarneck3;173;66;172;PiS;Sejm;1;40;46;86;2
piotr77850675;piotr77850675;357;57;109;PiS;Sejm;1;42;42;84;2
mariusztrepka;mariusztrepka;487;1187;2737;PiS;Sejm;0,711538462;46;414;460;2
jacekkurzepa;jacekkurzepa;273;71;263;PiS;Sejm;1;42;50;92;2
zbabalski;zbabalski;191;92;87;PiS;Sejm;1;42;66;108;2
jerzy_paul;jerzy_paul;191;425;553;PiS;Sejm;0,957894737;34;188;222;2
weberrafal;weberrafal;753;152;590;PiS;Sejm;0,962962963;75;52;127;2
roberttelus;roberttelus;1417;678;1108;PiS;Sejm;0,917293233;118;264;382;2
janeklopata;janeklopata;725;912;4329;KP;Sejm;0,273684211;62;188;250;1
radekfogiel;radekfogiel;8963;1523;17598;PiS;Sejm;0,84057971;253;136;389;2
napieralski_g;napieralski_g;27072;2067;6519;KO;Sejm;0,505681818;245;350;595;1
zagorskimarek;zagorskimarek;3874;387;3494;PiS;Sejm;0,953846154;154;128;282;2
mariuszgosek;mariuszgosek;89;100;5;PiS;Sejm;0,5;4;30;34;2
szymongizynski;szymongizynski;532;109;388;PiS;Sejm;1;42;64;106;2
adamgaweda;adamgaweda;474;55;87;PiS;Sejm;1;26;16;42;2
wassermann_ma;wassermann_ma;46369;146;873;PiS;Sejm;1;317;50;367;2
szczurekzelazko;szczurekzelazko;743;162;768;PiS;Sejm;0,954545455;42;42;84;2
rychlik_pawel;rychlik_pawel;391;367;253;PiS;Sejm;0,927272727;24;107;131;2
danielmilewski;danielmilewski;1016;378;137;PiS;Sejm;0,700934579;52;212;264;2
mareksuski;mareksuski;10436;436;315;PiS;Sejm;0,946428571;227;110;337;2
w_bernacki;w_bernacki;2294;774;1891;PiS;Senat;0,938596491;145;226;371;2
annapaluchsejm;annapaluchsejm;306;48;1830;PiS;Sejm;1;34;32;66;2
ireneusz_zyska;ireneusz_zyska;1445;668;1134;PiS;Sejm;0,903846154;92;206;298;2
rozeckapl;rozeckapl;3679;503;764;PiS;Sejm;0,82278481;134;156;290;2
morawieckim;morawieckim;244828;43;771;PiS;Sejm;1;489;24;513;2
kkubow;kkubow;683;404;297;PiS;Sejm;0,984848485;76;262;338;2
ryszardterlecki;ryszardterlecki;22182;1399;753;PiS;Sejm;0,822429907;303;212;515;2
zbhoffmann;zbhoffmann;1170;942;1930;PiS;Sejm;1;68;162;230;2
krajewskiwies;krajewskiwies;502;121;255;PiS;Sejm;0,870967742;74;60;134;2
piotr_wawrzyk;piotr_wawrzyk;8245;254;6823;PiS;Sejm;0,952380952;96;40;136;2
lisieckipawel;lisieckipawel;9767;6721;8745;PiS;Sejm;0,815384615;204;165;369;2
barbara_dziuk;barbara_dziuk;715;336;7853;PiS;Sejm;0,958333333;70;94;164;2
kwiatkowski2011;kwiatkowski2011;34803;874;1925;Niezalezni;Senat;0,013422819;325;296;621;1
piotrglinski;piotrglinski;46142;284;2814;PiS;Sejm;1;381;98;479;2
d_piontkowski;d_piontkowski;4599;416;1798;PiS;Sejm;0,913043478;113;182;295;2
marek_pek;marek_pek;4354;789;18463;PiS;Senat;0,95049505;193;200;393;2
mosinskijan;mosinskijan;15965;2319;24078;PiS;Sejm;0,966292135;183;176;359;2
ctomczyk;ctomczyk;34076;2227;18401;KO;Sejm;0,578680203;368;392;760;1
krzysztofmslon;krzysztofmslon;38;33;4;PiS;Senat;0,923076923;8;24;32;2
piotr_borys;piotr_borys;3356;1287;3047;KO;Sejm;0,723076923;230;258;488;1
protasiewiczj;protasiewiczj;24626;658;11283;KP;Sejm;0,211267606;283;140;423;1
l_dobrzynski;l_dobrzynski;3390;202;12708;PiS;Sejm;1;137;82;219;2
ma_golinska;ma_golinska;1687;558;1374;PiS;Sejm;1;125;181;306;2
wmurdzek;wmurdzek;1306;114;2231;PiS;Sejm;1;86;60;146;2
agascigaj;agascigaj;5365;331;2183;KP;Sejm;0,339622642;108;104;212;2
jangrabiec;jangrabiec;32760;2087;25541;KO;Sejm;0,592964824;362;396;758;1
ozdobajacek;ozdobajacek;10446;1386;11558;PiS;Sejm;0,524691358;189;322;511;2
mwojcik_;mwojcik_;10063;1088;3561;PiS;Sejm;0,958333333;212;142;354;2
kulesza_pl;kulesza_pl;22748;2819;2934;Konfederacja;Sejm;0,058201058;163;376;539;4
dariusz_jonski;dariusz_jonski;18286;1080;6683;KO;Sejm;0,526315789;257;226;483;1
arturszalabawka;arturszalabawka;2883;981;9522;PiS;Sejm;0,975308642;119;160;279;2
borowiakjoanna;borowiakjoanna;2950;1547;5507;PiS;Sejm;0,986842105;167;302;469;2
sobonartur;sobonartur;3867;1273;2876;PiS;Sejm;0,731481481;199;214;413;2
styszka;styszka;32131;2504;8509;KP;Sejm;0,166666667;235;298;533;2
mhorala;mhorala;24984;1514;22622;PiS;Sejm;0,494880546;327;584;911;2
czarnobajleszek;czarnobajleszek;1829;2438;6064;KO;Senat;0,6953125;84;254;338;1
wasikmaciej;wasikmaciej;27130;2912;15355;PiS;Sejm;0,592857143;279;278;557;2
pomaska;pomaska;64466;3427;40647;KO;Sejm;0,625;371;350;721;1
janmjackowski;janmjackowski;2944;337;2170;PiS;Senat;0,733333333;147;118;265;2
bwroblewski;bwroblewski;5390;1128;14821;PiS;Sejm;0,75147929;191;336;527;2
stanislaw_szwed;stanislaw_szwed;1533;420;3560;PiS;Sejm;0,980769231;118;102;220;2
jerzypolaczek;jerzypolaczek;7426;298;4171;PiS;Sejm;0,891891892;217;72;289;2
mblaszczak;mblaszczak;112614;2569;4634;PiS;Sejm;0,935483871;443;122;565;2
marekkuchcinski;marekkuchcinski;76551;543;3439;PiS;Sejm;0,936170213;379;186;565;2
mmgosiewska;mmgosiewska;7899;1988;6951;PiS;Sejm;0,734265734;236;284;520;2
cieslak_mich;cieslak_mich;2044;1271;1723;PiS;Sejm;0,558441558;137;306;443;2
rafalbochenek;rafalbochenek;13386;1424;2519;PiS;Sejm;0,624161074;283;296;579;2
elzbieta_duda;elzbieta_duda;742;470;2025;PiS;Sejm;0,945454545;56;108;164;2
girzynski;girzynski;22529;276;3621;PiS;Sejm;0,724137931;233;56;289;2
marzenamachalek;marzenamachalek;4723;838;11850;PiS;Sejm;0,81372549;199;202;401;2
pczarnecki83;pczarnecki83;824;1160;4171;PiS;Sejm;0,765517241;117;288;405;2
jachmicha;jachmicha;1875;583;2196;PiS;Sejm;0,838235294;122;134;256;2
grzegorzpuda;grzegorzpuda;754;217;1394;PiS;Sejm;0,891891892;85;72;157;2
jerzymaterna;jerzymaterna;1950;761;1671;PiS;Sejm;0,805970149;123;132;255;2
malecki_m;malecki_m;3066;821;3421;PiS;Sejm;0,939393939;193;196;389;2
michalwypij;michalwypij;5625;2319;24201;PiS;Sejm;0,664335664;164;284;448;2
sowamarek;sowamarek;7748;2171;10568;KO;Sejm;0,489177489;222;460;682;1
jankanthak;jankanthak;8931;1131;1237;PiS;Sejm;0,613207547;172;210;382;2
kosiniakkamysz;kosiniakkamysz;115348;1261;8082;KP;Sejm;0,22;481;198;679;1
lukaszschreiber;lukaszschreiber;16530;1210;6549;PiS;Sejm;0,615763547;315;404;719;2
piotrmuller;piotrmuller;13820;1381;4548;PiS;Sejm;0,585526316;283;302;585;2
a_czartoryski;a_czartoryski;911;126;170;PiS;Sejm;0,914285714;86;68;154;2
filipkaczynski;filipkaczynski;576;501;766;PiS;Sejm;0,901098901;61;180;241;2
annagembicka;annagembicka;651;408;545;PiS;Sejm;0,822222222;41;88;129;2
krzysztoflipiec;krzysztoflipiec;988;324;10301;PiS;Sejm;0,972222222;82;70;152;2
pawelolszewski;pawelolszewski;19959;2123;5710;KO;Sejm;0,557823129;287;292;579;1
anna1kwiecien;anna1kwiecien;7641;3132;20498;PiS;Sejm;0,805970149;167;266;433;2
annamkrupka;annamkrupka;6639;2689;2451;PiS;Sejm;0,828220859;257;324;581;2
arekmularczyk;arekmularczyk;26823;2869;11212;PiS;Sejm;0,728323699;305;344;649;2
szefernaker;szefernaker;30581;2788;8343;PiS;Sejm;0,708333333;375;334;709;2
elzbietawitek;elzbietawitek;28925;747;1423;PiS;Sejm;0,931034483;349;172;521;2
stkarczewski;stkarczewski;63298;744;4449;PiS;Senat;0,804597701;429;172;601;2
wskurkiewicz;wskurkiewicz;3136;507;2490;PiS;Senat;0,727272727;167;196;363;2
marekgrobarczyk;marekgrobarczyk;5204;388;1946;PiS;Sejm;0,825;193;78;271;2
wzubowski;wzubowski;3210;765;5107;PiS;Sejm;0,796296296;177;214;391;2
tulajew;tulajew;8193;1331;12689;PiS;Sejm;0,792929293;263;394;657;2
krolpiotr1;krolpiotr1;1037;592;5939;PiS;Sejm;0,903846154;75;102;177;2
ac_sobol;ac_sobol;7186;1125;92001;PiS;Sejm;0,988095238;277;166;443;2
joannalichocka;joannalichocka;33905;1368;30984;PiS;Sejm;0,722222222;297;214;511;2
amadamczyk;amadamczyk;11811;195;7593;PiS;Sejm;0,944444444;271;70;341;2
katarzy48592111;katarzy48592111;27;86;23;PiS;Sejm;0,918918919;4;72;76;2
mariuszgromko;mariuszgromko;36;198;61;PiS;Senat;0,8125;4;62;66;2
gontarz93;gontarz93;190;96;149;PiS;Sejm;1;14;38;52;2
szczudlo_a;szczudlo_a;593;360;195;PiS;Sejm;0,763157895;28;150;178;2
bartosikryszard;bartosikryszard;551;30;2642;PiS;Sejm;0,923076923;69;24;93;2
jflibicki;jflibicki;3681;1061;3794;KP;Senat;0,145038168;131;260;391;1
krzychszulowski;krzychszulowski;143;108;64;PiS;Sejm;1;32;44;76;2
marek07851557;marek07851557;142;107;398;PiS;Sejm;0,916666667;22;46;68;2
magdalenasroka;magdalenasroka;1416;481;712;PiS;Sejm;0,958333333;46;94;140;2
maleckijerzy;maleckijerzy;397;258;1070;PiS;Sejm;0,979166667;36;94;130;2
olekmiszalski;olekmiszalski;1842;1243;5776;KO;Sejm;0,709090909;90;218;308;1
slusarzrafal;slusarzrafal;1591;352;4012;PiS;Senat;0,86;53;98;151;2
sjkaleta;sjkaleta;32811;1111;26554;PiS;Sejm;0,806818182;279;174;453;2
janowskam;janowskam;1619;187;877;PiS;Sejm;0,725490196;54;100;154;2
mgolbik;mgolbik;6706;1349;11401;KO;Sejm;0,609375;246;382;628;1
pkukiz;pkukiz;92115;118;964;KP;Sejm;0,166666667;241;46;287;2
wiktordurlak;wiktordurlak;963;501;12556;PiS;Senat;0,964285714;38;110;148;2
michaldworczyk;michaldworczyk;24979;333;3990;PiS;Sejm;0,814814815;305;106;411;2
iwonamichalek;iwonamichalek;2764;1080;15109;PiS;Sejm;0,785714286;142;138;280;2
gosianiemczyk;gosianiemczyk;2998;1578;5691;KO;Sejm;0,713114754;156;242;398;1
a_marchewka;a_marchewka;3156;865;1586;KO;Sejm;0,75;174;174;348;1
n_kaczmarczyk;n_kaczmarczyk;1128;475;241;PiS;Sejm;0,513513514;50;72;122;2
annasiarkowska;annasiarkowska;14367;385;7747;PiS;Sejm;0,821428571;180;110;290;2
trzymkowski;trzymkowski;17380;308;2896;PiS;Sejm;0,795454545;169;86;255;2
jacekzalek;jacekzalek;18073;657;7700;PiS;Sejm;0,729166667;248;190;438;2
andruszkiewicz1;andruszkiewicz1;35439;607;6067;PiS;Sejm;0,844155844;167;152;319;2
chorosinska;chorosinska;1061;202;60;PiS;Sejm;0,860465116;36;84;120;2
drabekbb;drabekbb;233;221;506;PiS;Sejm;1;42;116;158;2
burzynskalidia;burzynskalidia;309;104;1184;PiS;Sejm;1;54;88;142;2
malgorzatapepek;malgorzatapepek;1123;552;4333;KO;Sejm;0,880733945;136;216;352;1
obazrobert2;obazrobert2;1176;1028;783;Lewica;Sejm;0,65;46;77;123;3
senatorsekula;senatorsekula;383;406;333;KO;Senat;0,8;64;238;302;1
hennigkloska;hennigkloska;11836;870;6888;KO;Sejm;0,771084337;171;164;335;1
hannagillpiatek;hannagillpiatek;5011;1326;2879;Lewica;Sejm;0,627118644;104;114;218;3
tomasznowak3;tomasznowak3;865;981;3150;KO;Sejm;0,795081967;122;242;364;1
kotulakat;kotulakat;2213;736;1144;Lewica;Sejm;0,493150685;78;144;222;3
jachiraklaudia;jachiraklaudia;18205;451;463;KO;Sejm;0,691176471;122;134;256;1
okladrewnowicz;okladrewnowicz;5888;605;6783;KO;Sejm;0,863247863;222;232;454;1
moanrosa;moanrosa;19440;1181;9328;KO;Sejm;0,567010309;236;192;428;1
konwinski_po;konwinski_po;3210;1200;17543;KO;Sejm;0,77037037;182;268;450;1
tomaszsiemoniak;tomaszsiemoniak;95110;1930;43811;KO;Sejm;0,788617886;438;244;682;1
poselttrela;poselttrela;3415;1201;3730;Lewica;Sejm;0,254658385;116;320;436;3
slawomirnitras;slawomirnitras;72073;1391;19506;KO;Sejm;0,717105263;365;302;667;1
joannamucha;joannamucha;69077;201;2883;KO;Sejm;0,78;327;98;425;1
leszczyna;leszczyna;28470;2126;43899;KO;Sejm;0,818897638;292;251;543;1
agabak;agabak;11831;867;2314;Lewica;Sejm;0,517241379;118;114;232;3
sibinska;sibinska;3901;821;16653;KO;Sejm;0,889655172;210;288;498;1
ula_zielinska;ula_zielinska;2351;2055;847;KO;Sejm;0,637254902;84;202;286;1
gotracz;gotracz;7311;882;7095;KO;Sejm;0,68907563;190;236;426;1
aniskotomasz;aniskotomasz;1057;114;1187;KO;Sejm;0,8;50;28;78;1
mariakatarzyna;mariakatarzyna;642;259;168;KO;Sejm;0,475409836;39;120;159;1
jerzybielecki2;jerzybielecki2;99;35;1404;PiS;Sejm;1;14;28;42;2
kacperplazynski;kacperplazynski;13251;521;3248;PiS;Sejm;0,886363636;172;86;258;2
jkowalski_posel;jkowalski_posel;3808;623;1586;PiS;Sejm;0,722222222;108;178;286;2
jsachajko;jsachajko;747;180;319;KP;Sejm;0,47826087;26;44;70;2
grzybandrzej;grzybandrzej;4367;2191;15911;KP;Sejm;0,235294118;148;202;350;1
zielinskijaro;zielinskijaro;6874;276;1403;PiS;Sejm;0,921052632;197;74;271;2
krajewskijarek;krajewskijarek;10120;203;3163;PiS;Sejm;1;245;42;287;2
kossakowskiwo;kossakowskiwo;172;41;506;PiS;Sejm;1;30;32;62;2
paslawska;paslawska;4370;824;13046;KP;Sejm;0,380952381;166;124;290;1
sasinjacek;sasinjacek;36501;724;6823;PiS;Sejm;0,719512195;375;162;537;2
mswitczak;mswitczak;9099;587;10955;KO;Sejm;0,861111111;238;214;452;1
z_frankiewicz;z_frankiewicz;1011;379;173;KO;Senat;0,574468085;50;92;142;1
kasprzakmiecz;kasprzakmiecz;1156;1606;9188;KP;Sejm;0,194444444;76;214;290;1
pawelkowalpl;pawelkowalpl;71370;830;23234;KO;Sejm;0,466666667;399;88;487;1
wdobkowski;wdobkowski;58;23;3;PiS;Senat;1;6;2;8;2
iwonaarent;iwonaarent;5429;363;1745;PiS;Sejm;0,661971831;177;140;317;2
marcinwarchol;marcinwarchol;5815;727;1187;PiS;Sejm;0,95;138;78;216;2
m_bochenek93;m_bochenek93;144;402;69;KO;Sejm;0,766990291;20;204;224;1
jrotnicka;jrotnicka;627;253;412;KO;Senat;0,893939394;46;130;176;1
tzimoch;tzimoch;30958;484;10659;KO;Sejm;0,9375;122;62;184;1
agnieszkahana;agnieszkahana;90;360;117;KO;Sejm;0,88;26;198;224;1
kochanmagdalena;kochanmagdalena;914;273;2630;KO;Senat;0,962264151;68;104;172;1
loskomagdalena;loskomagdalena;1064;208;207;KO;Sejm;0,925373134;46;132;178;1
czeslawmroczek;czeslawmroczek;726;339;149;KO;Sejm;0,926470588;60;134;194;1
ikmrzyglocka;ikmrzyglocka;381;407;155;KO;Sejm;0,841269841;66;124;190;1
tomek_glogowski;tomek_glogowski;66;12;480;KO;Sejm;1;8;20;28;1
frydrych_joanna;frydrych_joanna;801;493;856;KO;Sejm;0,953488372;94;169;263;1
marcinbosacki;marcinbosacki;17179;448;15277;KO;Senat;0,942028986;234;136;370;1
bzdrojewski;bzdrojewski;12110;618;7586;KO;Senat;0,795454545;232;174;406;1
agajewska;agajewska;4828;537;4291;KO;Sejm;0,84375;137;126;263;1
piechotapl;piechotapl;530;47;352;KO;Sejm;0,947368421;86;36;122;1
ikatarasinska;ikatarasinska;4344;338;6063;KO;Sejm;0,894736842;184;150;334;1
achybicka;achybicka;1346;455;1149;KO;Senat;0,909090909;106;174;280;1
gabalenartowicz;gabalenartowicz;1128;384;6649;KO;Sejm;0,966666667;116;118;234;1
marekplura;marekplura;1542;524;1501;KO;Senat;0,772151899;46;156;202;1
zofiaczernow;zofiaczernow;914;361;5058;KO;Sejm;0,963855422;134;164;298;1
a_k_leszczynska;a_k_leszczynska;1225;992;19779;KO;Senat;0,828125;150;254;404;1
michalszczerba;michalszczerba;48776;2839;14615;KO;Sejm;0,640718563;364;332;696;1
cichonjanusz;cichonjanusz;2159;664;1991;KO;Sejm;0,877777778;162;178;340;1
magorzatachmiel;magorzatachmiel;754;356;1638;KO;Sejm;0,90625;76;126;202;1
jacek_protas;jacek_protas;2374;2198;2290;KO;Sejm;0,862903226;168;246;414;1
waldydzikowski;waldydzikowski;6017;809;5462;KO;Sejm;0,748148148;226;268;494;1
kazimierzplocke;kazimierzplocke;624;289;348;KO;Sejm;0,926829268;118;162;280;1
stgawlowski;stgawlowski;7691;522;7840;Niezalezni;Senat;0,02020202;204;196;400;1
_urbaniakj;_urbaniakj;1753;1543;15556;KO;Sejm;0,796052632;144;302;446;1
arkadiuszmyrcha;arkadiuszmyrcha;20299;1157;24878;KO;Sejm;0,744;264;248;512;1
mkierwinski;mkierwinski;45767;926;18466;KO;Sejm;0,747474747;359;196;555;1
slawekneumann;slawekneumann;57312;1540;13221;KO;Sejm;0,801587302;362;250;612;1
wslugocki;wslugocki;3209;1292;5754;KO;Sejm;0,830645161;197;246;443;1
gajewska_kinga;gajewska_kinga;18858;971;17325;KO;Sejm;0,728682171;264;256;520;1
arozenek;arozenek;46359;2254;24638;Lewica;Sejm;0,253968254;250;250;500;1
szejnfeld;szejnfeld;23051;2513;49472;KO;Senat;0,721311475;281;242;523;1
jagnamarczulajt;jagnamarczulajt;4062;515;4786;KO;Sejm;0,88372093;154;170;324;1
krzysztofbrejza;krzysztofbrejza;64500;1003;22751;KO;Senat;0,904255319;328;186;514;1
s_lamczyk;s_lamczyk;178;117;677;KO;Senat;0,914285714;38;68;106;1
m_k_blonska;m_k_blonska;109663;519;3810;KO;Sejm;0,83;418;198;616;1
marekkrzakala;marekkrzakala;1902;376;5457;KO;Sejm;0,85;158;118;276;1
jarosmichal;jarosmichal;4395;1029;4749;KO;Sejm;0,742268041;202;192;394;1
mjanyska;mjanyska;4066;1583;13020;KO;Sejm;0,883928571;192;222;414;1
marekrzasa1;marekrzasa1;2418;1360;2684;KO;Sejm;0,822429907;158;212;370;1
mwielichowska;mwielichowska;11850;822;15840;KO;Sejm;0,766666667;242;178;420;1
miroslawanykiel;miroslawanykiel;2280;1162;4105;KO;Sejm;0,857142857;162;194;356;1
krawczyk_michal;krawczyk_michal;672;350;1734;KO;Sejm;0,893939394;34;128;162;1
gapinska_e;gapinska_e;2157;1128;4982;KO;Sejm;0,810344828;158;230;388;1
kmunyama;kmunyama;1615;354;363;KO;Sejm;0,896551724;134;172;306;1
gutmostowy;gutmostowy;1132;273;257;PiS;Sejm;0,666666667;110;64;174;1
joannakluzik;joannakluzik;31002;843;85221;KO;Sejm;0,819672131;311;119;430;1
kr_szumilas;kr_szumilas;3902;672;11061;KO;Sejm;0,835164835;184;180;364;1
arturdunin;arturdunin;2002;748;4454;KO;Senat;0,87;152;198;350;1
profgrodzki;profgrodzki;36132;462;2122;KO;Senat;0,804597701;240;172;412;1
dorotaniedziela;dorotaniedziela;2546;255;12108;KO;Sejm;0,772727273;182;86;268;1
urszulaaugustyn;urszulaaugustyn;2009;678;1687;KO;Sejm;0,828828829;160;220;380;1
wzembaczynski;wzembaczynski;9968;1284;12195;KO;Sejm;0,8;169;188;357;1
borowczakjerzy;borowczakjerzy;1280;574;524;KO;Sejm;0,813186813;32;180;212;1
c_grabarczyk;c_grabarczyk;675;497;1259;KO;Sejm;0,798319328;88;236;324;1
rtyszkiewicz;rtyszkiewicz;11750;783;14856;KO;Sejm;0,875;288;190;478;1
elzbietagelert;elzbietagelert;1227;177;1680;KO;Sejm;0,848484848;130;64;194;1
tomaszlenz;tomaszlenz;4622;704;6684;KO;Sejm;0,739726027;208;144;352;1
taziewicz;taziewicz;1458;224;1567;KO;Sejm;0,846153846;136;24;160;1
kazismolinski;kazismolinski;7249;1189;2918;PiS;Sejm;1;179;93;272;2
robertwinnicki;robertwinnicki;47716;2120;22879;Konfederacja;Sejm;0,089430894;146;244;390;2
konradfrysztak;konradfrysztak;753;550;624;KO;Sejm;0,788888889;54;178;232;1
p_szramka;p_szramka;2615;191;1796;KP;Sejm;0,818181818;62;42;104;1
bozenazelazowsk;bozenazelazowsk;293;132;156;KP;Sejm;0,894736842;28;36;64;1
stefankrajewski;stefankrajewski;456;257;1004;KP;Sejm;0,617647059;36;66;102;1
jarek_rzepa;jarek_rzepa;317;67;1734;KP;Sejm;0,777777778;34;16;50;1
lubczyk_radek;lubczyk_radek;2528;177;3398;KP;Sejm;0,318181818;88;86;174;1
zalewskipawel;zalewskipawel;26039;1056;35580;KO;Sejm;0,666666667;307;94;401;1
pzgorzelskip;pzgorzelskip;2244;309;2333;KP;Sejm;0,486486486;78;72;150;1
marcinkulasek;marcinkulasek;1515;1048;1883;Lewica;Sejm;0,325396825;96;250;346;3
dariuszklimczak;dariuszklimczak;2040;1461;4373;KP;Sejm;0,365079365;92;124;216;1
wtbartoszewski;wtbartoszewski;2983;186;1189;KP;Sejm;0,666666667;68;64;132;1
sawickimarek;sawickimarek;9074;462;11490;KP;Sejm;0,323529412;188;66;254;1
krzysztofpaszyk;krzysztofpaszyk;1351;405;1714;KP;Sejm;0,327586207;87;114;201;1
pawelbejda;pawelbejda;1013;58;550;KP;Sejm;1;66;14;80;1
pawlowska_pl;pawlowska_pl;1053;473;2021;Lewica;Sejm;0,375;70;190;260;3
krystiankamin;krystiankamin;3149;31;377;Konfederacja;Sejm;1;20;18;38;4
grzegorz_braun;grzegorz_braun;16921;95;445;Konfederacja;Sejm;1;38;18;56;4
sosnierztv;sosnierztv;7792;93;1196;Konfederacja;Sejm;0,523809524;24;39;63;4
urbaniak_michal;urbaniak_michal;4432;571;1849;Konfederacja;Sejm;0,212765957;24;92;116;4
tudujkrzysztof;tudujkrzysztof;5865;859;2700;Konfederacja;Sejm;0,5;26;38;64;4
krzysztofbosak;krzysztofbosak;179199;2493;99663;Konfederacja;Sejm;0,186440678;259;116;375;2
jaroslaw_gowin;jaroslaw_gowin;119753;621;16910;PiS;Sejm;0,625;467;142;609;2
jkmmikke;jkmmikke;159282;148;3369;Konfederacja;Sejm;0,611111111;126;34;160;4
konradberkowicz;konradberkowicz;36857;549;5704;Konfederacja;Sejm;0,192982456;72;112;184;4
joankasw;joankasw;60419;1491;10532;Lewica;Sejm;0,25210084;274;236;510;1
wieczorekdarek;wieczorekdarek;797;360;9438;Lewica;Sejm;0,540540541;66;146;212;3
szczepanski2019;szczepanski2019;94;73;106;Lewica;Sejm;0,965517241;24;56;80;3
andrzejszejna;andrzejszejna;1508;715;1339;Lewica;Sejm;0,592592593;52;51;103;3
marekrutka;marekrutka;1562;543;534;Lewica;Sejm;0,827586207;58;56;114;3
anitakdzg;anitakdzg;1674;249;865;Lewica;Sejm;0,745454545;70;107;177;3
krutulpawel;krutulpawel;506;187;1035;Lewica;Sejm;0,785714286;54;82;136;3
anitasowinska;anitasowinska;1108;154;732;Lewica;Sejm;0,688888889;62;88;150;3
wlodekczarzasty;wlodekczarzasty;48695;583;9348;Lewica;Sejm;0,382352941;282;134;416;3
kueberhan;kueberhan;1846;504;2807;Lewica;Sejm;0,833333333;70;70;140;3
koperskiprzemek;koperskiprzemek;302;237;1105;Lewica;Sejm;0,652173913;40;90;130;3
wojciechkoniec4;wojciechkoniec4;601;118;78;Lewica;Senat;0,75;34;62;96;3
kretkowskak;kretkowskak;671;271;401;Lewica;Sejm;0,607142857;50;110;160;3
arek_iwaniak;arek_iwaniak;189;153;243;Lewica;Sejm;0,789473684;32;74;106;3
barbaraanowacka;barbaraanowacka;102174;842;16998;KO;Sejm;0,710843373;366;164;530;1
adamszlapka;adamszlapka;29746;1330;10530;KO;Sejm;0,525773196;276;192;468;1
rkropiwnicki;rkropiwnicki;6598;343;2881;KO;Sejm;0,911764706;212;134;346;1
kgawkowski;kgawkowski;12511;1332;5055;Lewica;Sejm;0,410526316;194;188;382;3
wiesawbuz;wiesawbuz;261;216;395;Lewica;Sejm;0,7;44;98;142;3
b_maciejewska;b_maciejewska;3265;860;3784;Lewica;Sejm;0,484848485;78;130;208;3
k_smiszek;k_smiszek;17290;1431;7868;Lewica;Sejm;0,287878788;156;262;418;3
kopiecmaciej;kopiecmaciej;2228;1480;5181;Lewica;Sejm;0,454545455;74;152;226;3
m_gdula;m_gdula;5339;376;2133;Lewica;Sejm;0,533333333;96;117;213;3
am_zukowska;am_zukowska;12730;1285;60220;Lewica;Sejm;0,371134021;162;192;354;3
zandbergrazem;zandbergrazem;89646;310;5245;Lewica;Sejm;0,619047619;206;40;246;3
dgpopiolek;dgpopiolek;2984;799;1831;Lewica;Sejm;0,55;58;78;136;3
_mkonieczny;_mkonieczny;7964;464;1945;Lewica;Sejm;0,625;84;30;114;3
magdabiejat;magdabiejat;7034;719;3138;Lewica;Sejm;0,694444444;104;70;174;3
soinagnieszka;soinagnieszka;201;285;158;PiS;Sejm;0,846153846;15;24;39;2
stan_bukowiec;stan_bukowiec;616;359;500;PiS;Sejm;1;46;86;132;2
piotrsak5;piotrsak5;793;75;26;PiS;Sejm;1;28;44;72;2
tobiszowska;tobiszowska;57;96;164;PiS;Senat;0,941176471;12;66;78;2
lgalemba;lgalemba;31;19;0;PiS;Sejm;1;6;10;16;2
nowicka_danuta;nowicka_danuta;97;133;74;PiS;Sejm;1;20;102;122;2
lawniczaktomek;lawniczaktomek;53;16;29;PiS;Sejm;1;12;14;26;2
kaz_gwiazdowski;kaz_gwiazdowski;155;39;315;PiS;Sejm;1;24;16;40;2
andrzejszlachta;andrzejszlachta;67;57;98;PiS;Sejm;1;22;32;54;2
martakubiak8;martakubiak8;149;39;199;PiS;Sejm;1;36;20;56;2
poselwozniak;poselwozniak;86;77;107;PiS;Sejm;1;18;38;56;2
kazimierzmatus2;kazimierzmatus2;146;68;204;PiS;Sejm;1;32;36;68;2
ziobropl;ziobropl;138922;171;1832;PiS;Sejm;0,72;405;48;453;2
janwarzechapl;janwarzechapl;135;54;2185;PiS;Sejm;1;40;44;84;2
beatapielucha;beatapielucha;620;63;210;PiS;Sejm;1;32;20;52;2
andrzej_kryj;andrzej_kryj;615;74;74;PiS;Sejm;0,961538462;38;50;88;2
mmzawisza;mmzawisza;15099;685;2334;Lewica;Sejm;0,28;122;98;220;3
szajaczajac;szajaczajac;90;20;362;PiS;Senat;1;6;14;20;2
senatorszwed;senatorszwed;67;30;645;PiS;Senat;1;10;14;24;2
gasiuk_pihowicz;gasiuk_pihowicz;128001;281;8450;KO;Sejm;0,8;342;108;450;1
macierewicz_a;macierewicz_a;132879;92;5683;PiS;Sejm;1;365;28;393;2
schetynadlapo;schetynadlapo;208882;1058;2204;KO;Sejm;0,763888889;422;142;564;1
wilkjerzy;wilkjerzy;369;160;708;PiS;Sejm;0,96;40;48;88;2
lkrasulski;lkrasulski;235;91;15;PiS;Sejm;0,818181818;42;20;62;2
grzpiechowiak;grzpiechowiak;564;106;574;PiS;Sejm;0,6;54;48;102;2
kwiatkowskirob;kwiatkowskirob;4465;1254;2883;Lewica;Sejm;0,402985075;86;132;218;3
bartoszkownacki;bartoszkownacki;2045;7;192;PiS;Sejm;1;66;4;70;2
teresawargocka;teresawargocka;261;23;30;PiS;Sejm;0,5;46;14;60;2
lasekmaciej;lasekmaciej;20045;955;31022;KO;Sejm;0,897058824;180;134;314;1
latostomasz;latostomasz;1972;136;813;PiS;Sejm;0,535714286;111;54;165;2
tomaszkostus;tomaszkostus;564;298;212;KO;Sejm;0,535714286;74;54;128;1
filiksmagdalena;filiksmagdalena;1106;305;199;KO;Sejm;0,897435897;32;76;108;1
arturlacki;arturlacki;94;53;546;KO;Sejm;0,967741935;16;60;76;1
marek_hok;marek_hok;438;233;96;KO;Sejm;0,966666667;66;118;184;1
skowronska_po;skowronska_po;342;162;421;KO;Sejm;0,954545455;36;86;122;1
miroslawsuchon;miroslawsuchon;6034;491;7529;KO;Sejm;0,757575758;118;64;182;1
wojciechsaluga;wojciechsaluga;1858;263;4411;KO;Sejm;0,939393939;88;64;152;1
klubnauer;klubnauer;72488;525;30418;KO;Sejm;0,666666667;336;94;430;1
k_mieszkowski;k_mieszkowski;8232;681;1642;KO;Sejm;0,739130435;124;90;214;1
bogdanklich;bogdanklich;9038;418;11809;KO;Senat;0,880597015;208;132;340;1
bbudka;bbudka;122651;581;47632;KO;Sejm;0,771084337;416;164;580;1
djazlowiecka;djazlowiecka;2872;524;12150;KO;Senat;0,877192982;134;112;246;1
bzdrojewska;bzdrojewska;6107;721;18711;KO;Senat;0,892307692;169;128;297;1
bartsienkiewicz;bartsienkiewicz;16131;243;3071;KO;Sejm;0,805555556;168;70;238;1
joanna_fabisiak;joanna_fabisiak;276;588;9;KO;Sejm;0,682926829;28;80;108;1
jacek_tomczak;jacek_tomczak;212;105;36;KP;Sejm;0,214285714;26;54;80;1
aszewinski;aszewinski;163;103;385;KO;Sejm;0,733333333;20;28;48;1
andrzejgawron;andrzejgawron;117;67;24;PiS;Sejm;0,666666667;20;22;42;2
falejmonika;falejmonika;1991;572;3741;Lewica;Sejm;0,80952381;74;40;114;3
wozniak_tadeusz;wozniak_tadeusz;57;120;17;PiS;Sejm;0,571428571;10;26;36;2
sonikboguslaw;sonikboguslaw;10495;464;7661;KO;Sejm;0,722222222;222;34;256;1
waldemarkraska;waldemarkraska;95;32;2;PiS;Senat;0,833333333;4;10;14;2
glissar;glissar;141;56;100;KO;Sejm;0,9;4;18;22;1
ktruskolaski;ktruskolaski;4085;48;3522;KO;Sejm;1;120;22;142;1
grabczukk;grabczukk;54;78;18;KO;Sejm;0,714285714;4;26;30;1
jerzy_wcisla;jerzy_wcisla;36;43;29;KO;Senat;0,916666667;2;22;24;1
jacek_bury;jacek_bury;841;34;172;KO;Senat;1;36;12;48;1
i_kozlowska;i_kozlowska;63;98;91;KO;Sejm;0,944444444;8;70;78;1
walesajl;walesajl;16921;443;4086;KO;Sejm;0,804878049;228;80;308;1
ewak_symanska;ewak_symanska;289;523;89;PiS;Sejm;0,04;8;48;56;1
fedorowiczjerzy;fedorowiczjerzy;351;101;234;KO;Senat;0,965517241;32;56;88;1
ryszard_galla;ryszard_galla;273;409;218;niez.;Sejm;0,037037037;20;52;72;1
papkepawel;papkepawel;4806;141;600;KO;Sejm;1;52;32;84;1
katarzynaosos;katarzynaosos;223;190;293;KO;Sejm;0,96969697;24;64;88;1
anka_wasilewska;anka_wasilewska;183;203;410;KO;Sejm;0,951612903;34;122;156;1
wadim_nowa_sol;wadim_nowa_sol;2895;41;118;Niezalezni;Senat;0,071428571;44;26;70;1
jerzydouglas;jerzydouglas;299;57;800;KO;Sejm;0,888888889;10;16;26;1
martawcis;martawcis;361;254;81;KO;Sejm;0,882352941;22;66;88;1
tomekszymanski;tomekszymanski;63;11;10;KO;Sejm;1;24;10;34;1
robert_dowhan;robert_dowhan;2932;112;699;KO;Senat;0,9375;28;30;58;1
wojciech_krol;wojciech_krol;479;181;830;KO;Sejm;0,87804878;92;80;172;1
dariuszrosati;dariuszrosati;20622;142;12961;KO;Sejm;0,888888889;248;70;318;1
pawelarndt;pawelarndt;518;42;638;KO;Senat;0,909090909;88;20;108;1
k_gadowski;k_gadowski;498;40;546;KO;Sejm;0,894736842;100;36;136;1
haidar_riad;haidar_riad;199;47;6;KO;Sejm;0,571428571;6;12;18;3
wandanowicka;wandanowicka;30716;955;9237;Lewica;Sejm;0,475;197;78;275;3
czsiekierski;czsiekierski;1969;246;447;KP;Sejm;0,5;60;46;106;1
janszopinski;janszopinski;469;1048;1708;Lewica;Sejm;0,365384615;20;102;122;3
dyduchmarek;dyduchmarek;176;200;11;Lewica;Sejm;0,5;23;34;57;3
kpawliczak;kpawliczak;97;23;18;Lewica;Sejm;0,75;6;6;12;3
joanna_senyszyn;joanna_senyszyn;20803;994;8871;Lewica;Sejm;0,5;122;38;160;3
tadeuszzwiefka;tadeuszzwiefka;3225;118;48;KO;Sejm;0,692307692;110;50;160;1
wkomarnicki;wkomarnicki;1529;490;308;KO;Senat;0,76;22;48;70;1
szumowskilukasz;szumowskilukasz;52646;79;614;PiS;Sejm;0,8125;242;30;272;2
iwonahartwich;iwonahartwich;4717;131;239;KO;Sejm;0,914893617;68;92;160;1
marekborowski;marekborowski;24024;208;6458;KO;Senat;0,633333333;216;58;274;1
senatorkopiczko;senatorkopiczko;940;20;91;PiS;Senat;1;20;10;30;2
zientarskipiotr;zientarskipiotr;78;62;4;KO;Sejm;1;8;14;22;1
unowogorska;unowogorska;118;56;137;KP;Sejm;0,846153846;28;24;52;1
januszsniadek;januszsniadek;387;42;102;PiS;Sejm;1;20;12;32;2
kaminskimichal;kaminskimichal;51561;179;136;KP;Senat;0,25;211;22;233;1
slawomirrybicki;slawomirrybicki;585;58;56;KO;Senat;1;42;2;44;1
tadeuszkopec;tadeuszkopec;124;51;13;PiS;Senat;0,142857143;10;26;36;1
m_maliszewski;m_maliszewski;745;38;1104;KP;Sejm;1;46;6;52;1
apociej;apociej;751;88;22;KO;Senat;0,8;42;18;60;1
profmaksymowicz;profmaksymowicz;310;13;0;PiS;Sejm;0,5;10;2;12;1
marlenamalag;marlenamalag;1819;28;583;PiS;Sejm;1;66;4;70;2
gabrielamasows2;gabrielamasows2;81;14;146;PiS;Sejm;1;16;4;20;2
rzecznikpis;rzecznikpis;9008;0;2024;PiS;Sejm;1;174;0;174;2
jackbogucki;jackbogucki;95;4;13;PiS;Senat;1;16;0;16;2
cymanskitadeusz;cymanskitadeusz;1696;5;0;PiS;Sejm;1;18;0;18;2
marcingwozdz_pl;marcingwozdz_pl;32;0;9;PiS;Sejm;1;8;0;8;2
biuroposelskie;biuroposelskie;319;4;76;PiS;Senat;1;12;0;12;2
piatkowskik;piatkowskik;28;0;0;KO;Sejm;1;6;0;6;1
mskurowska;mskurowska;24;4;1;PiS;Sejm;1;2;0;2;2
ryszardwilczys2;ryszardwilczys2;15;0;0;KO;Sejm;1;8;0;8;1
grzegorzczelej;grzegorzczelej;100;0;0;PiS;Senat;1;4;0;4;2
wesomarek;wesomarek;13;47;6;PiS;Sejm;1;2;0;2;2